<?xml version="1.0" encoding="UTF-8"?>
<project-private xmlns="http://www.netbeans.org/ns/project-private/1">
    <editor-bookmarks xmlns="http://www.netbeans.org/ns/editor-bookmarks/2" lastBookmarkId="0"/>
    <open-files xmlns="http://www.netbeans.org/ns/projectui-open-files/2">
        <group>
            <file>file:/C:/Users/Lili/Documents/NetBeansProjects/Formularios/src/registros/ModuCeldas.java</file>
            <file>file:/C:/Users/Lili/Documents/NetBeansProjects/Formularios/src/registros/SeccioAsociados.java</file>
            <file>file:/C:/Users/Lili/Documents/NetBeansProjects/Formularios/src/registros/Inicio.java</file>
            <file>file:/C:/Users/Lili/Documents/NetBeansProjects/Formularios/src/registros/Seccionadoresasociados.java</file>
            <file>file:/C:/Users/Lili/Documents/NetBeansProjects/Formularios/src/registros/Transformador2.java</file>
            <file>file:/C:/Users/Lili/Documents/NetBeansProjects/Formularios/src/registros/TranfTensionDPS115kv.java</file>
            <file>file:/C:/Users/Lili/Documents/NetBeansProjects/Formularios/src/registros/Interruptores115kv.java</file>
            <file>file:/C:/Users/Lili/Documents/NetBeansProjects/Formularios/src/registros/Bancodeautotrans.java</file>
            <file>file:/C:/Users/Lili/Documents/NetBeansProjects/Formularios/src/registros/Interr354kv.java</file>
            <file>file:/C:/Users/Lili/Documents/NetBeansProjects/Formularios/src/registros/TransCorriente115kv.java</file>
            <file>file:/C:/Users/Lili/Documents/NetBeansProjects/Formularios/src/registros/Interrunv230kv.java</file>
            <file>file:/C:/Users/Lili/Documents/NetBeansProjects/Formularios/src/registros/Transformad115kv.java</file>
            <file>file:/C:/Users/Lili/Documents/NetBeansProjects/Formularios/src/registros/CargadBaterias.java</file>
            <file>file:/C:/Users/Lili/Documents/NetBeansProjects/Formularios/src/registros/Transftensdps230k.java</file>
            <file>file:/C:/Users/Lili/Documents/NetBeansProjects/Formularios/src/registros/Autotransformador.java</file>
            <file>file:/C:/Users/Lili/Documents/NetBeansProjects/Formularios/src/registros/Seccionadores345kv.java</file>
            <file>file:/C:/Users/Lili/Documents/NetBeansProjects/Formularios/src/registros/TransTensCorri345.java</file>
        </group>
    </open-files>
</project-private>
